<?xml version="1.0" encoding="UTF-8"?>
<project-private xmlns="http://www.netbeans.org/ns/project-private/1">
    <editor-bookmarks xmlns="http://www.netbeans.org/ns/editor-bookmarks/2" lastBookmarkId="0"/>
    <open-files xmlns="http://www.netbeans.org/ns/projectui-open-files/2">
        <group>
            <file>file:/C:/Users/skc/Downloads/JAVA%20NetBeans%20Banking%20Management%20System/src/MyPage.java</file>
            <file>file:/C:/Users/skc/Downloads/JAVA%20NetBeans%20Banking%20Management%20System/src/BankingImages/icon-swirl-big.png</file>
            <file>file:/C:/Users/skc/Downloads/JAVA%20NetBeans%20Banking%20Management%20System/src/Authentication.java</file>
            <file>file:/C:/Users/skc/Downloads/JAVA%20NetBeans%20Banking%20Management%20System/src/dbconnect.java</file>
            <file>file:/C:/Users/skc/Downloads/JAVA%20NetBeans%20Banking%20Management%20System/src/UIManager.java</file>
            <file>file:/C:/Users/skc/Downloads/JAVA%20NetBeans%20Banking%20Management%20System/test/AccountTest.java</file>
            <file>file:/C:/Users/skc/Downloads/JAVA%20NetBeans%20Banking%20Management%20System/src/Loading.java</file>
            <file>file:/C:/Users/skc/Downloads/JAVA%20NetBeans%20Banking%20Management%20System/test/MyPageTest.java</file>
            <file>file:/C:/Users/skc/Downloads/JAVA%20NetBeans%20Banking%20Management%20System/src/BankingImages/banking%20logo%20(2).png</file>
        </group>
    </open-files>
</project-private>
